id,batchID,batchIDLastChangedAt,gameID,gameIDLastChangedAt,playerID,playerIDLastChangedAt,roundID,roundIDLastChangedAt,stageID,stageIDLastChangedAt
01JVBMQMKH2FDA4E5FQP83QKM1,01JVBMHNA90EKKKX609JT0733D,2025-05-16T00:13:12.68957-04:00,01JVBMHNAR5NR2TST62Y7DRP4C,2025-05-16T00:13:12.68957-04:00,01JVBMK8PW6W26ZNS87G9R4X6Y,2025-05-16T00:13:12.68957-04:00,01JVBMKZ9BJMS3DVWFF9H96RKB,2025-05-16T00:13:12.68957-04:00,01JVBMKZ9QSMJ2NN579B12SZHX,2025-05-16T00:13:12.68957-04:00
01JVBMV9TY0PESKVK9948GHFH7,01JVBMHNA90EKKKX609JT0733D,2025-05-16T00:15:12.734917-04:00,01JVBMHNAR5NR2TST62Y7DRP4C,2025-05-16T00:15:12.734917-04:00,01JVBMHXBZR4XGZEQ6E2ESYZ30,2025-05-16T00:15:12.734917-04:00,01JVBMKZ9CZA3Z6SFCDV9DXGNK,2025-05-16T00:15:12.734917-04:00,01JVBMKZ9VHHHE46BKWZB4945C,2025-05-16T00:15:12.734917-04:00
01JVBMV9TZGSMBVK2EK9F22SZX,01JVBMHNA90EKKKX609JT0733D,2025-05-16T00:15:12.73503-04:00,01JVBMHNAR5NR2TST62Y7DRP4C,2025-05-16T00:15:12.73503-04:00,01JVBMK8PW6W26ZNS87G9R4X6Y,2025-05-16T00:15:12.73503-04:00,01JVBMKZ9CZA3Z6SFCDV9DXGNK,2025-05-16T00:15:12.73503-04:00,01JVBMKZ9VHHHE46BKWZB4945C,2025-05-16T00:15:12.73503-04:00
01JVBMYZ29QVHZX1CJRTGENW3W,01JVBMHNA90EKKKX609JT0733D,2025-05-16T00:17:12.777055-04:00,01JVBMHNAR5NR2TST62Y7DRP4C,2025-05-16T00:17:12.777055-04:00,01JVBMK8PW6W26ZNS87G9R4X6Y,2025-05-16T00:17:12.777055-04:00,01JVBMKZ9CZA3Z6SFCE7BXPTM0,2025-05-16T00:17:12.777055-04:00,01JVBMKZ9Y0D5HNC35SNS0REEE,2025-05-16T00:17:12.777055-04:00
01JVBN25VE5EZHQPWRND92ETBF,01JVBMHNA90EKKKX609JT0733D,2025-05-16T00:18:58.030784-04:00,01JVBMHNAR5NR2TST62Y7DRP4C,2025-05-16T00:18:58.030784-04:00,01JVBMHXBZR4XGZEQ6E2ESYZ30,2025-05-16T00:18:58.030784-04:00,01JVBMKZ9DDS97G1JEKJPD2EQ1,2025-05-16T00:18:58.030784-04:00,01JVBMKZA2SNBW44JT922XCW0Z,2025-05-16T00:18:58.030784-04:00
01JVBN25VE5EZHQPWRNWHZ4NFA,01JVBMHNA90EKKKX609JT0733D,2025-05-16T00:18:58.030867-04:00,01JVBMHNAR5NR2TST62Y7DRP4C,2025-05-16T00:18:58.030867-04:00,01JVBMK8PW6W26ZNS87G9R4X6Y,2025-05-16T00:18:58.030867-04:00,01JVBMKZ9DDS97G1JEKJPD2EQ1,2025-05-16T00:18:58.030867-04:00,01JVBMKZA2SNBW44JT922XCW0Z,2025-05-16T00:18:58.030867-04:00
01JVBN5V2R7QDCSK30ZXE4DG26,01JVBMHNA90EKKKX609JT0733D,2025-05-16T00:20:58.072257-04:00,01JVBMHNAR5NR2TST62Y7DRP4C,2025-05-16T00:20:58.072257-04:00,01JVBMK8PW6W26ZNS87G9R4X6Y,2025-05-16T00:20:58.072257-04:00,01JVBMKZ9DDS97G1JEM4C8P3CC,2025-05-16T00:20:58.072257-04:00,01JVBMKZA5XRM5Q8MNATC8F30K,2025-05-16T00:20:58.072257-04:00
01JVBMKZC5RM4XQ6DTZXQJSYW2,01JVBMHNA90EKKKX609JT0733D,2025-05-16T00:11:12.645293-04:00,01JVBMHNAR5NR2TST62Y7DRP4C,2025-05-16T00:11:12.645293-04:00,01JVBMHXBZR4XGZEQ6E2ESYZ30,2025-05-16T00:11:12.645293-04:00,01JVBMKZ9AS44EEG38X56PDKVS,2025-05-16T00:11:12.645293-04:00,01JVBMKZ9KAC14Z6506VNZ0GR2,2025-05-16T00:11:12.645293-04:00
01JVBMKZC5RM4XQ6DV088K7H1R,01JVBMHNA90EKKKX609JT0733D,2025-05-16T00:11:12.645371-04:00,01JVBMHNAR5NR2TST62Y7DRP4C,2025-05-16T00:11:12.645371-04:00,01JVBMK8PW6W26ZNS87G9R4X6Y,2025-05-16T00:11:12.645371-04:00,01JVBMKZ9AS44EEG38X56PDKVS,2025-05-16T00:11:12.645371-04:00,01JVBMKZ9KAC14Z6506VNZ0GR2,2025-05-16T00:11:12.645371-04:00
01JVBMQMKH2FDA4E5FQ7XCEZ84,01JVBMHNA90EKKKX609JT0733D,2025-05-16T00:13:12.689428-04:00,01JVBMHNAR5NR2TST62Y7DRP4C,2025-05-16T00:13:12.689428-04:00,01JVBMHXBZR4XGZEQ6E2ESYZ30,2025-05-16T00:13:12.689428-04:00,01JVBMKZ9BJMS3DVWFF9H96RKB,2025-05-16T00:13:12.689428-04:00,01JVBMKZ9QSMJ2NN579B12SZHX,2025-05-16T00:13:12.689428-04:00
01JVBMYZ28Q7FRXBVJWYDY0R14,01JVBMHNA90EKKKX609JT0733D,2025-05-16T00:17:12.776881-04:00,01JVBMHNAR5NR2TST62Y7DRP4C,2025-05-16T00:17:12.776881-04:00,01JVBMHXBZR4XGZEQ6E2ESYZ30,2025-05-16T00:17:12.776881-04:00,01JVBMKZ9CZA3Z6SFCE7BXPTM0,2025-05-16T00:17:12.776881-04:00,01JVBMKZ9Y0D5HNC35SNS0REEE,2025-05-16T00:17:12.776881-04:00
01JVBN5V2R7QDCSK3105CCWW2T,01JVBMHNA90EKKKX609JT0733D,2025-05-16T00:20:58.072408-04:00,01JVBMHNAR5NR2TST62Y7DRP4C,2025-05-16T00:20:58.072408-04:00,01JVBMHXBZR4XGZEQ6E2ESYZ30,2025-05-16T00:20:58.072408-04:00,01JVBMKZ9DDS97G1JEM4C8P3CC,2025-05-16T00:20:58.072408-04:00,01JVBMKZA5XRM5Q8MNATC8F30K,2025-05-16T00:20:58.072408-04:00
